{
    "name": "植被增益",
    "icon": "minecraft:wheat_seeds",
    "category": "effects",
    "advancement": "naturesaura:positive_imbalance",
    "pages": [
        {
            "type": "text",
            "text": "当区域内$(#419600)灵气$()含量高到不稳定，它会迁移到附近的植物中, 具体来说有$(item)水稻$()、$(item)土豆$()等等。这会使它们$(thing)加速生长$()，同时，区域内$(#419600)灵气$()将会减少。"
        },
        {
            "type":"text",
            "text":"此现象会在$(l:items/eye)环境之眼$()计量槽填满时发生。"
        }
    ]
}
