{
    "name": "嬗变催化器",
    "icon": "naturesaura:conversion_catalyst",
    "category": "using",
    "advancement": "naturesaura:sky_ingot",
    "pages": [
        {
            "type": "text",
            "text": "$(l:collecting/altar)嬗变催化器$()有利于将$(#419600)灵气$()注入特定物品，然而，它也可以催化一个物体内化为其他物体。$(br)这可以通过将$(item)嬗变催化器$()放置在任意一个祭坛核心周围的低处的$(item)苔石砖$()方块（共4处）上，然后像以往一样放置材料。"
        },
        {
            "type": "naturesaura:tree_ritual",
            "text": "用$(l:practices/tree_ritual)森林仪式$()制造$(item)Transmutation Catalyst$()。",
            "recipe": "naturesaura:conversion_catalyst"
        },
        {
            "type": "naturesaura:altar",
            "text": "用瓶装黑暗制造$(item)龙息$()。",
            "recipe": "naturesaura:breath"
        },
        {
            "type": "naturesaura:altar",
            "text": "将腐肉转化为$(item)皮革$()",
            "recipe": "naturesaura:leather"
        },
        {
            "type": "naturesaura:altar",
            "text": "Making $(item)Soul Sand$() out of worldly grains",
            "recipe": "naturesaura:soul_sand"
        },
        {
            "type": "naturesaura:altar",
            "text": "Creating $(item)Nether Wart$() from poisonous mushrooms",
            "recipe": "naturesaura:nether_wart"
        },
        {
            "type": "naturesaura:altar",
            "text": "Conjuring $(item)Prismarine Shards$() from the nether's ore",
            "recipe": "naturesaura:prismarine"
        },
        {
            "type": "naturesaura:altar",
            "text": "Causing $(thing)water$() to accumulate inside an empty $(item)bottle$()",
            "recipe": "naturesaura:water"
        },
        {
            "type": "naturesaura:altar",
            "text": "Turning $(item)Charcoal$() into $(item)Coal$()",
            "recipe": "naturesaura:coal"
        }
    ]
}
